token,surgical_procedure,keywords
SPRXRPRSN,Reparacion de CIA parche,cia parche reparacion
SFPRXRPRSN,Reparacion de CIV parche,civ parche reparacion
ARTKSTNSSRPRSNSPFLFLR,Reparacion de estenosis aortica subvalvular,aortica estenosis reparacion subvalvular
SRPKKRRJK,Cierre quirurgico de PCA,cierre pca quirurgico
SRSFPRMRRPRSN,Reparacion de CIV cierre primario,cierre civ primario reparacion
ARTRSSRKNTKTKRRJK,Cierre quirurgico de Conducto Arterioso,arterioso cierre conducto quirurgico
SRFPPRMR,Cierre primario de FOP,cierre fop primario
AMPLSNTRXSLTTRKTFNTRKL,Ampliacion tracto salida ventriculo derecho,ampliacion derecho salida tracto ventriculo
SPRMRRPRSN,Reparacion de CIA primario,cia primario reparacion
KRTKTM,Coartectomia,coartectomia
KMNKSNNTRRKLRPRXRPRSN,Reparacion de comunicacion interauricular parche,comunicacion interauricular parche reparacion
KMRTRXTPLRPRSNFNTRKL,Reparacion de doble camara de ventriculo derecho,camara derecho doble reparacion ventriculo
PLSXTRKSPT,Plastia Tricuspidea,plastia tricuspidea
AFKNLRPRSNTRNSSNL,Reparacion de canal AV transicional,av canal reparacion transicional
FLTPRXRPRSNTTRLJTRNSNLRFNTRKLTM,Reparacion de Tetralogia de Fallot no ventriculotomia no parche transanular,fallot parche reparacion tetralogia transanular ventriculotomia
SFRPRSN,Reparacion de CIV,civ reparacion
SRPRSN,Reparacion de CIA,cia reparacion
ARTKFNSKRTSNRPRSN,Reparacion de coartacion con avance aortico,aortico avance coartacion reparacion
ARTKSTNSSRSXNSPFLFLR,reseccion estenosis subvalvular aortica,aortica estenosis reseccion subvalvular
AFKNLKMPLTRPRSN,Reparacion de Canal AV completo,av canal completo reparacion
AMPLSNTSFT,Ampliacion del TSVD,ampliacion tsvd
SFNFNTPLRRPRSN,Reparacion de CIV infundibular,civ infundibular reparacion
KTFPRPRSN,Reparacion de CATVP,catvp reparacion
KMNKSNNTRFNTRKLRRPRSN,Reparacion de comunicacion interventricular,comunicacion interventricular reparacion
KRTSNRPRSNTRMNLTRMN,Reparacion de coartacion termino terminal,coartacion reparacion terminal termino
SFMMPRNSRPRSN,Reparacion de CIV membranosa,civ membranosa reparacion
HNTTRMTRLRPRSNFLFLPLSX,Reparacion de hendidura mitral valvuloplastia,hendidura mitral reparacion valvuloplastia
PLTRLKLNPRSTMNT,Procedimiento de Glenn bilateral,bilateral glenn procedimiento
ARTKRKFNSRPRSN,Reparacion de arco aortico avance de arco aortico,aortico arco avance reparacion
APPNTJ,Bandaje de la AP,ap bandaje
SFPRMRRPRSN,Reparacion de CIV primaria,civ primaria reparacion
ARKRTKRKFNSRPRSN,Reparacion de arco aortico Avance de aorco aortico,aorco aortico arco avance reparacion
MTRLPLSX,Plastia mitral,mitral plastia
ARTKRTKFNSRKSFRPRSN,Reparacion de arco aorticoavance de arco aortico con reparacion de CIV,aortico aorticoavance arco civ reparacion
PRSTMNTRTN,Procedimiento de Warden,procedimiento warden
ANMLKNKSNPRSLPLMNRSRPRSNFNS,Reparacion de conexion anomala parcial de venas pulmonares,anomala conexion parcial pulmonares reparacion venas
ARTKRTSNRPRSNTRMNTRMNL,Reparacion de coartacion de aorta termino-terminal,aorta coartacion reparacion termino-terminal
APKLKSNTPFLFLTFT,Colocacion de tubo valvulado VD a AP,ap colocacion tubo valvulado vd
APPLSX,Plastia de la AP,ap plastia
PTRXNLKLNPRSTMNT,Procedimiento de Glenn bidireccional,bidireccional glenn procedimiento
SNTRLPLSXPLMNRRMS,Plastia de pulmonar ramas central,central plastia pulmonar ramas
ARTRPNTJPLMNR,Bandaje de la arteria pulmonar,arteria bandaje pulmonar
AFKNLPRSLRPRSN,Reparacion de Canal AV parcial,av canal parcial reparacion
HNTTRMTRLRPRSN,Reparacion de Hendidura mitral,hendidura mitral reparacion
SSRPRX,Cierre de CIA parche,cia cierre parche
RTKRTPLSXRKSNTNTTSLSMNTRPRSN,Reparacion de arco aortico aortoplastia del arco  por deslizamiento ascendente, aortico aortoplastia arco ascendente deslizamiento reparacion
ARTKRTSNKRXNSLTNKTP,correccion de coartacion de aorta tipo Sliding,aorta coartacion correccion sliding tipo
AMPLSNSLTTRKTFT,Ampliacion del tracto de salida del VD,ampliacion salida tracto vd
PLLKTSKFSTLFSLTMTFKTPLMNRSSTMK,Fistula sistemico pulmonar Fisulta de Blalock-Taussig modificada,blalock-taussig fistula fisulta modificada pulmonar sistemico
ANTRRKLRPRXRFSN,Revision de parche interauricular,interauricular parche revision
AMPLSNS,Ampliacion de CIA,ampliacion cia
FLTRPRSNTTRLJFNTRKLTM,Reparacion de Tetralogia de Fallot no ventriculotomia,fallot reparacion tetralogia ventriculotomia
KNTKTKSTRKRTKFNSTRTFNTNPRSTMNT,Procedimiento de Fontan conducto extracardioco no fenestrado,conducto extracardioco fenestrado fontan procedimiento
PLTRLPLLKTSKFSTLFSLTMTFKTPLMNRSSTMK,Fistula sistemico pulmonar Fisulta de Blalock-Taussig modificada bilateral,bilateral blalock-taussig fistula fisulta modificada pulmonar sistemico
TRXTPLNTRKRTKRPRSNSLTTNLFNTRKL,Reparacion de doble salida de ventriculo derecho con tunel intracardiaco,derecho doble intracardiaco reparacion salida tunel ventriculo
AMPLSNPRXSLTTRKTTRNSNLRFTFNTRKLTM,ampliacion de tracto de salida del VD ventriculotomia parche transanular,ampliacion parche salida tracto transanular vd ventriculotomia
ARTPLMNRRPRSNFNTN,Reparacion de ventana aorto pulmonar,aorto pulmonar reparacion ventana
SSRTRKT,Cierre de CIA directo,cia cierre directo
ARTKKMSRTM,Comisurotomia aortica,aortica comisurotomia
AMPLNTMKNKMTRLPRTSS,Implante de protesis mecanica mitral,implante mecanica mitral protesis
ARTRTKRTPLSXRKSNTNTTSLSMNTRPRSNSLTNK,Reparacion de arco aortico Aortoplastia por deslizamiento de aorta ascendente sliding,aorta aortico aortoplastia arco ascendente deslizamiento reparacion sliding
MMPRNRSXNSPRTK,Reseccion de membrana subaortica,membrana reseccion subaortica
ANTRKRTKRSXNTMR,Reseccion de tumor intracardiaco,intracardiaco reseccion tumor
APTRXPLSXRM,Plastia de la rama derecha de la AP,ap derecha plastia rama
RKMPTPFLFLT,Recambio de tubo valvulado,recambio tubo valvulado
ARTRTPNTJPLMNR,Debandaje de arteria pulmonar,arteria debandaje pulmonar
ARTRPLSXPLMNR,Plastia de arteria pulmonar,arteria plastia pulmonar
ATRSPTSTMKRRJK,Atrioseptostomia quirurgica,atrioseptostomia quirurgica
AFKNLKRXNPRSL,Correccion de canal AV parcial,av canal correccion parcial
SRNTTRMTRL,Cierre de hendidura mitral,cierre hendidura mitral
ANMLKNKSNPLMNRSRPRSNTTLFNS,Reparacion de conexion anomala total de venas pulmonares,anomala conexion pulmonares reparacion total venas
ARTRSKRTPLSXPLMRRM,Plastia de la rama izquierda de la arteria pulmoar,arteria izquierda plastia pulmoar rama
KRTSNKSTNTTRPRSNTRMNLTRMN,Reparacion de coartacion termino terminal extendida,coartacion extendida reparacion terminal termino
AJNSFLTPLMNRRPRSNTTRLJ,Reparacion de Tetralogia de fallot con agenesia pulmonar,agenesia fallot pulmonar reparacion tetralogia
SSR,Cierre de CIA,cia cierre
KRTSNRPRSNTRMNTRMNL,Reparacion de coartacion termino-terminal,coartacion reparacion termino-terminal
ARTKKMSRTMFLFLTM,Comisurotomia aortica Valvulotomia aortica,aortica comisurotomia valvulotomia
TFSFTNTRKRTKRPRSNTNL,Reparacion de DVSVD con tunel intracardiaco,dvsvd intracardiaco reparacion tunel
KMNKSNNTRRKLRRPRSN,Reparacion de comunicacion interauricular,comunicacion interauricular reparacion
RTKRKKLKSNTKRNNJRTMPRKKLTRPRSNRSXNSLTNKSTNT,Reparacion de arco aortico Reseccion del arco y del stent con colocacion de injerto de dacron precoagulado de 18 mm sliding,18 aortico arco colocacion dacron injerto mm precoagulado reparacion reseccion sliding stent
AJNSFLTPRXPLMNRRPRSNTTRLJTRNSNLRFLFL,Reparacion de tetralogia de fallot agenecia de valvula pulmonar Parche transanular,agenecia fallot parche pulmonar reparacion tetralogia transanular valvula
PLKTRRMS,Plicatura de ramas,plicatura ramas
KRXNTFSFT,Correccion de DVSVD,correccion dvsvd
APPLSXRMTRNK,Plastia de tronco y rama de la AP,ap plastia rama tronco
APTPNTJ,Debandaje de la AP,ap debandaje
ANFNTPLRMSKLRSXN,Reseccion de musculo infundibular,infundibular musculo reseccion
TFSFTFLTNTRKRTKRPRSNTPTNL,Reparacion de DVSVD con tunel intracardiaco tipo Fallot,dvsvd fallot intracardiaco reparacion tipo tunel
ANMLKNPSTNPLSXPRSTMNTRPRSNTRKSPTFLFL,Reparacion de anomalia de Ebstein Plastia de la valvula tricuspide con procedimiento de cono,anomalia cono ebstein plastia procedimiento reparacion tricuspide valvula
TTRXNLKLNPRSTMNT,Procedimiento de Glenn Didireccional,didireccional glenn procedimiento
RPRSNFNTRKLS,Reparacion de 1 1/2 ventriculos,1 1/2 reparacion ventriculos
ARTRLPRSNSX,Operacion switch arterial,arterial operacion switch
SRKMNKSNNTRRKLR,Cierre de comunicacion interauricular,cierre comunicacion interauricular
ANMLKNKSNPLMNRSRPRSNFNS,Reparacion de conexion anomala de venas pulmonares,anomala conexion pulmonares reparacion venas
TMSKSTNSLPRSTMNT,Procedimiento de Damus-Kaye-Stansel,damus-kaye-stansel procedimiento
FPTMFSTLPLMNRSSTMK,Fistula sistemico pulmonar FBTM,fbtm fistula pulmonar sistemico
AMPLSNTRSPTSTM,Ampliacion de atrioseptostomia,ampliacion atrioseptostomia
ARTKFLFLPLSX,Valvuloplastia aortica,aortica valvuloplastia
KNFLNSPLSXPLMNRRMS,Plastia de la confluencia de las ramas pulmonar,confluencia plastia pulmonar ramas
ANLKRXNFSKLR,Correccion de anillo vascular,anillo correccion vascular
ATSNTSFFPRSPRXRPRSNTJT,Reparacion de CIV parche con tejido fibroso adyacente,adyacente civ fibroso parche reparacion tejido
KTFPKRNRRPRSNSN,Reparacion de CATVP al seno coronario,catvp coronario reparacion seno
ARTKSTNSSRSTFRPRSNSPFLFLR,Reparacion de estenosis subvalvular aortica recidiva,aortica estenosis recidiva reparacion subvalvular
ARTRSKRTRJNPLSXPLMRRM,Plastia del origen de la rama izquierda de la arteria pulmoar,arteria izquierda origen plastia pulmoar rama
ARTKRKFNSSRSFRPRSN,Reparacion de arco aortico Avance de arco aortico con cierre de CIV,aortico arco avance cierre civ reparacion
FNSTRTFNTNPRSTMNT,Procedimeinto de Fontan no fenestrado,fenestrado fontan procedimeinto
PKMRLKLKSNPKRTKMRKPSS,Colocacion de marcapsos bicameral epicardico,bicameral colocacion epicardico marcapsos
PTRXNLKLN,Glenn bidireccional,bidireccional glenn
ARTKPLSXFLFL,Plastia de la valvula aortica,aortica plastia valvula
SFNTRTKSTNSNMMPRNSRPRSNF,Reparacion de CIV de la via de entrada con extension membranosa,civ entrada extension membranosa reparacion via
ARTKKSPLRSNFLFL,Exploracion de valvula aortica,aortica exploracion valvula
KNPLSXTPTRKSPTFLFL,Plastia de la valvula tricuspide tipo cono,cono plastia tipo tricuspide valvula
APKLKSNKNFLNSTPFLFLTFT,Colocacion de tubo valvulado de VD a la confluencia de la AP,ap colocacion confluencia tubo valvulado vd
SFNSTRSNRPRSN,Reparacion de CIA y fenestracion,cia fenestracion reparacion
AKSPLRSNNTRFNTRKLRTPK,Exploracion de tabique interventricular,exploracion interventricular tabique
SFRPRSNRSTL,Reparacion de CIV residual,civ reparacion residual
ARTKMMPRNRSXNSPFLFLR,Reseccion de membrana subvalvular aortica,aortica membrana reseccion subvalvular
SFNFNTPLRPRXRPRSN,Reparacion de CIV infundibular parche,civ infundibular parche reparacion
ARTKPLSXTPTRSLRFLFL,Plastia de la valvula aortica tipo Trussler,aortica plastia tipo trussler valvula
KMSRTMKSPLRSNPLMNRFLFL,Exploracion de valvula pulmonar comisurotomia de valvula pulmonar,comisurotomia exploracion pulmonar valvula
KPFPKRXN,Correccion de CAPVP,capvp correccion
KFSKRTLKTRSPRRFN,Ligadura de vena cava superior izquierda,cava izquierda ligadura superior vena
TFSFTFLTNTRKRTKPRXRPRSNTPTRNSNLRTNLFNTRKLTM,Reparacion de DVSVD tipo Fallot con tunel intracardiaco ventriculotomia y parche transanular,dvsvd fallot intracardiaco parche reparacion tipo transanular tunel ventriculotomia
TSMNTLMNTFPTM,Desmantelamiento de FBTM,desmantelamiento fbtm
ARTRSKNTKTPRSSTNS,Persistencia de conducto arterioso,arterioso conducto persistencia
AFKNLKMPLTKRXN,Correccion de canal AV completo,av canal completo correccion
AKSPLRSNPLMNRFLFL,Exploracion de la valvula pulmonar,exploracion pulmonar valvula
KLKSNFLTMNKSPTPRXRPRSNTTRLJTRNSNLRFLFLFNTRKLTM,Reparacion de Tetralogia de Fallot ventriculotomia parche transanular con colocacion de valvula monocuspide,colocacion fallot monocuspide parche reparacion tetralogia transanular valvula ventriculotomia
ARTPLMNRKRXNFNTN,Correccion de ventana aorto-pulmonar,aorto-pulmonar correccion ventana
PTRXNLPLTRLKLNPRSTMNT,Procedimiento de Glenn bilateral bidireccional,bidireccional bilateral glenn procedimiento
APKLKSNPRSTMNTRSTLTPFLFLTFT,Procedimiento de Rastelli Colocacion de tubo valvulado VD a AP,ap colocacion procedimiento rastelli tubo valvulado vd
SRSF,Cierre de CIV,cierre civ
APSRTPLSXRM,Plastia de la rama izauierda de la AP,ap izauierda plastia rama
PLSXPLKTRPLMNRSRMS,Plastia con plicatura de ramas pulmonares,plastia plicatura pulmonares ramas
AMPLNTMNKSPTPLMNRFLFL,Implante de valvula pulmonar monocuspide,implante monocuspide pulmonar valvula
AKSPLRSNNFNTPLRSPTM,Exploracion de septum infundibular,exploracion infundibular septum
SFFLTMLTPLPRXRPRSNTTRLJTRNSNLRFNTRKLTM,Reparacion de tetralogia de Fallot parche transanular no ventriculotomia con reparacion de CIV multiple,civ fallot multiple parche reparacion tetralogia transanular ventriculotomia
SRKMNKSNTRKTNTRFNTRKLRSKRTFNTRKLTM,Cierre de comunicacion interventricular directo por ventriculotomia izquierda,cierre comunicacion directo interventricular izquierda ventriculotomia
ATRLSPTSTM,Septostomia atrial,atrial septostomia
KNFLNSPLSXPLMNRSRMS,Plastia de la confluencia de las ramas pulmonares,confluencia plastia pulmonares ramas
NRTPRSTMNT,Procedimiento de Norwood,norwood procedimiento
ATRFNTRKLRNTTRSKRTMTRLPLSXFLFL,Plastia de la valvula atrioventricular izquierda Hendidura mitral,atrioventricular hendidura izquierda mitral plastia valvula
ARTRKSPLRSNSKRTSPKLF,Exploracion de arteria subclavia izquierda,arteria exploracion izquierda subclavia
MKTMMRPRSTMNT,Miectomia Procedimiento de Morrow,miectomia morrow procedimiento
SRSFPRMR,Cierre de CIV primaria,cierre civ primaria
ARTKRTPLSXSTNSSRPRSNSPRFLFLR,Reparacion de estenosis aortica supravalvular Aortoplastia,aortica aortoplastia estenosis reparacion supravalvular
KRNRNTRTRKTMSKRTSTM,Endarterectomia del ostium de la coronaria izquierda,coronaria endarterectomia izquierda ostium
MJTMKNKMTRLRKMPSTFLFLR,Recambio valvular mitral mecanica St Jude 27mm,27mm jude mecanica mitral recambio st valvular
KTFPRPRSNSPRKRTK,Reparacion de CATVP supracardiaca,catvp reparacion supracardiaca
SRPRSNSKNTM,Reparacion de CIA secundum,cia reparacion secundum
SRPRXPKPRKRTKRRJK,Cierre quirurgica de PCA Con parche de pericardio,cierre parche pca pericardio quirurgica
AFKMNPLSXFLFL,Plastia de la valvula AV comun,av comun plastia valvula
ARTKTKNKTRSLRFLFLPLSX,Valvuloplastia aortica con tecnica de Trussler,aortica tecnica trussler valvuloplastia
ARTKKMSRTMKSPLRSNFLFL,Exploracion de valvula aortica comisurotomia,aortica comisurotomia exploracion valvula
SFMLTPLPRXRPRSN,Reparacion de CIV parche multiple,civ multiple parche reparacion
ALNSNSFSNMNKRMLPRXRPRSNTP,Reparacion de CIV parche mala alineacion tipo Eisenmenger,alineacion civ eisenmenger mala parche reparacion tipo
ARTRSKNTKTNTRLMNLLKTRSTNT,Ligadura de conducto arterioso y de stent intraluminal,arterioso conducto intraluminal ligadura stent
APSTRKTFRSXNSPRTKTJT,Reseccion de tejido subaortico obstructivo,obstructivo reseccion subaortico tejido
SSRFNSTRSNPRSL,Cierre parcial de la CIA con fenestracion,cia cierre fenestracion parcial
KFTTTRXFRLRFSNFNTRKLR,Revision overhaul de cavidad ventricular derecha,cavidad derecha overhaul revision ventricular
MMKMPFPTM,Cambio de FBTM de 4mm a 5mm,4mm 5mm cambio fbtm
KTTRKLKSNTLSS,Colocacion de cateter de dialisis,cateter colocacion dialisis
SFMMPRNSMLTPLMSKLRRPRSN,Reparacion de CIV multiple membranosa y muscular,civ membranosa multiple muscular reparacion
SFMSKLRPRXRPRSN,Reparacion de CIV muscular parche,civ muscular parche reparacion
SFPRXRPTRSN,Repatracion de CIV parche,civ parche repatracion
SRPRXPTFTRKSPTFLFL,Cierre de la valvula tricuspide con un parche de PTFE,cierre parche ptfe tricuspide valvula
KLKSNKMFNRTRL,Colocacion de ECMO veno-arterial,colocacion ecmo veno-arterial
ASKSNSTMSSPTRXNLKFPLMNRKNTNSNKRSNKLNNTRPSNKXMPRSTMNTFS,Procedimiento de kawashima Anastomosis cavopulmonar bidireccional Glenn en corazon con interrupcion de VCI y continuacion a la acigos,acigos anastomosis bidireccional cavopulmonar continuacion corazon glenn interrupcion kawashima procedimiento vci
AKMRTR,Retiro de ECMO,ecmo retiro
KLKSNMNKSPTFLFL,Colocacion de valvula monocuspide,colocacion monocuspide valvula
TRKSPTFLFLPLSX,Valvuloplastia tricuspidea,tricuspidea valvuloplastia
SFMMPRNSPRXRPRSN,Reparacion de CIV membranosa parche,civ membranosa parche reparacion
RKLRKLKFSRKMNKSNTRXSNFRRNTRRKLRNTRKRTKSKRTLKTPRXPRSSTNTRTRXNMNTSNSPRRTPFNFNS,cierre de comunicacion interauricular tipo seno venos inferior con  redireccionamiento de la vena cava superior izquierda persistente con llegada a la auricula izquierda hacia la auricla derecha con parche intracardiaco, auricla auricula cava cierre comunicacion derecha hacia inferior interauricular intracardiaco izquierda llegada parche persistente redireccionamiento seno superior tipo vena venos
ALNSNSFMLPRXRPRSN,Reparacion de CIV parche por mala alineacion,alineacion civ mala parche reparacion
PLMNRFLFLPLSX,Valvuloplastia pulmonar,pulmonar valvuloplastia
KRTSNKSTNTTRPRSNTRMNTRMNL,Reparacion de coartacion termino-terminal extendida,coartacion extendida reparacion termino-terminal
KTFPPSTRTPRSLMNTRPRSNSPRKRTK,Reparacion de CATVP supracardiaca parcialmente obstruida,catvp obstruida parcialmente reparacion supracardiaca
SRKNTKTMKLP,Cierre de conducto con hemoclip,cierre conducto hemoclip
SRPKKRRJS,Cierre quirurgicio de PCA,cierre pca quirurgicio
KRRPRSNTRTRTM,Reparacion de Cor triatriatum,cor reparacion triatriatum
APRTRSSRSFKLKSNKNTRNKLRPRSNTPTRNKTPFLFLTFT,Reparacion de Tronco arterioso tipo II Cierre de CIV conotroncal y colocacion de tubo valvulado del VD a la AP,ap arterioso cierre civ colocacion conotroncal ii reparacion tipo tronco tubo valvulado vd
ARTKRKPKRXNNTRPSNTP,Correccion de interrupcion de arco aortico tipo B,aortico arco b correccion interrupcion tipo
SRSFKNTRNKLTP,Cierre de CIV tipo conotroncal,cierre civ conotroncal tipo
SRFRMNFL,Cierre de foramen oval,cierre foramen oval
SRSFTFSFTNTRKRTKPRXRPRSNSPRTKTNL,Reparacion de DVSVD con parche tunel intracardiaco cierre de CIV subaortica,cierre civ dvsvd intracardiaco parche reparacion subaortica tunel
AKSTRKRTKFNSTRTFNTNPRSTMNT,Procedimiento de Fontan extracardiaco no fenestrado,extracardiaco fenestrado fontan procedimiento
KLKSNTFNTFPKRTKMRKPSSNKMRLFNTRKLR,Colocacion de marcapasos epicardico definitivo ventricular unicameral,colocacion definitivo epicardico marcapasos unicameral ventricular
ANLRTKRKKRXNTPLLKTRSXNFSKLR,Correccion de anillo vascular por doble arco aortico con seccion y ligadura de arco aortico,anillo aortico arco correccion doble ligadura seccion vascular
ARTRSKNTKTLKTRSXN,Seccion y ligadura de conducto arterioso,arterioso conducto ligadura seccion
TFRTKLKMRLRSXN,Reseccion de diverticulo de Kommerel,diverticulo kommerel reseccion
ARTRKRTTSKRTRMPLNTSPKLF,Reimplante de arteria subclavia izquierda en la arteria carotida izquierda,arteria carotida izquierda reimplante subclavia
AFKNLKMPLTKRSN,Correcion de canal AV completo,av canal completo correcion
SRKMNKSNNTRRKLRSKNTM,Cierre de comunicacion interauricular secundum,cierre comunicacion interauricular secundum
SRSFNTRTKSTNSNMSKLRPRXF,Cierre de CIV parche con extension muscular y a la via de entrada,cierre civ entrada extension muscular parche via
ARTRSKNTKTLKTR,Ligadura de conducto arterioso,arterioso conducto ligadura
ANTRFNTRKLRPRXRFSN,Revision de parche interventricular,interventricular parche revision
AMPLSNKMRTPLRPRSNTSFTFT,Ampliacion del TSVD Reparacion de doble camara del VD,ampliacion camara doble reparacion tsvd vd
ANTRRRTKMMPRNMKTMRSXNSPFLFLR,Reseccion de membrana subvalvular aortica y miectomia anterior,anterior aortica membrana miectomia reseccion subvalvular
KMSRTMPLMNRFLFLR,Comisurotomia valvular pulmonar,comisurotomia pulmonar valvular
SRFRMNFLPRMR,Cierre de foramen oval primaria,cierre foramen oval primaria
ARKMMPRNRSXNSPFLFLR,Reseccion de membrana subvalvular aorica,aorica membrana reseccion subvalvular
SRSFMMPRNSMLTPLMSKLRSPRXPRMRRPRSN,Reparacion de CIV multiple membranosa con parche y musculares con cierre primaria,cierre civ membranosa multiple musculares parche primaria reparacion
ALNSNSFMLRPRSN,Reparacion de CIV por mala alineacion,alineacion civ mala reparacion
AMPLSNKPFPSSRKRXNSKRTSPLMNRSRTRXNNTFNS,Correccion de CAPVP con ampliacion de la CIA y cierre redireccionando las venas pulmonares izquierdas,ampliacion capvp cia cierre correccion izquierdas pulmonares redireccionando venas
SRKRXNTFKTTFRKMTKTFRTKL,Correccion de diverticulo y cierre de defecto diafragmatico,cierre correccion defecto diafragmatico diverticulo
SFMLTPLRPRSN,Reparcion de CIV multiple,civ multiple reparcion
SSFPRXRFSN,Revision de parche de CIA y CIV,cia civ parche revision
SRSFPRX,Cierre de CIV parche,cierre civ parche
KPFPKMNKSNKRXNTRXSNTRRKLRPRSTMNTSNTPFNSRTN,Procedimiento de Warden Correccion de comunicacion interauricular tipo seno venoso con CAPVP derechas,capvp comunicacion correccion derechas interauricular procedimiento seno tipo venoso warden
SRSFRSTL,Cierre de CIV residual,cierre civ residual
ARTKRTKRKFNSKRTSNKRXNPPLS,Correccion de coartacion aortica y de hipoplasia de arco aortico Avance de arco aortico,aortica aortico arco avance coartacion correccion hipoplasia
APTPNTJPLSX,Debandaje y plastia de la AP,ap debandaje plastia
AFKNLSSRPRXPRSLRPRSN,Reparacion de Canal AV parcial Cierre de CIA con parche,av canal cia cierre parche parcial reparacion
SRNTTRMTRLPRLNPNTSSPRTS,Cierre de hendidura mitral con puntos separados de prolene,cierre hendidura mitral prolene puntos separados
ARTRTRXPLSXPLMNRRM,Plastia rama derecha de la arteria pulmonar,arteria derecha plastia pulmonar rama
AKSPLRSNNTRKRTK,Exploracion intracardiaca,exploracion intracardiaca
AMPLSNF,Ampliacion del FO,ampliacion fo
TRXTPLNTRKRTKRPRSNSLTTNLFNTRKLFNTRKLTM,Reparacion de doble salida de ventriculo derecho con tunel intracardiaco con ventriculotomia,derecho doble intracardiaco reparacion salida tunel ventriculo ventriculotomia
SFPRXRFSN,Revision de parche de CIV,civ parche revision
ANTRKRTKRSXNFKTSN,Reseccion de vegetacion intracardiaca,intracardiaca reseccion vegetacion
APSKRTPLSXRM,Plastia de la rama izquierda de la AP,ap izquierda plastia rama
SRKMNKSNNTRFNTRKLRPRX,Cierre de comunicacion interventricular parche,cierre comunicacion interventricular parche
ATLKSRKMNKSNNTRTKSTNSNNTRFNTRKLRMMPRNSPRXPRKRTTRTTF,Cierre de comunicacion interventricular membranosa con extension a la via de entrada con parche de pericardio autologo tratado,autologo cierre comunicacion entrada extension interventricular membranosa parche pericardio tratado via
PLLKSTRNTMFSTLNJRTSKRTMMTFKTPTFTSK,Fistula de Blalock Taussig modificada izquierda con injerto de PTFE de 5 mm por esternotomia,5 blalock esternotomia fistula injerto izquierda mm modificada ptfe taussig
KRXNTRXTPLSTNSSFLTMKSTPLMNRSLTTPFNTRKL,Correccion de doble salida del ventriculo derecho con estenosis pulmonar mixta Tipo Fallot,correccion derecho doble estenosis fallot mixta pulmonar salida tipo ventriculo
ARTRSSRKNTKTLKTR,Cierre de conducto arterioso con ligadura,arterioso cierre conducto ligadura
ARTKRTSNKRXNTRMNTRMNL,Correccion de coartacion de aorta termino-terminal,aorta coartacion correccion termino-terminal
AKSPLRSNMTRLFLFL,Exploracion de valvula mitral,exploracion mitral valvula
SRKMNKSNNTRRKLRPRX,Cierre de comunicacion interauricular parche,cierre comunicacion interauricular parche
ARTKLTRLLKTRPLMNR,Ligadura de colateral aorto pulmonar,aorto colateral ligadura pulmonar
ATLKSRKMNKSNTRKTNTRFNTRKLRPRX,Cierre de comunicacion interventricular con parche autologo y directo,autologo cierre comunicacion directo interventricular parche
ARTRLSX,Switch Arterial,arterial switch
ANMLKNKSNKRXNPLMNRSFNS,Coreccion de conexon anomala de venas pulmonares,anomala conexon coreccion pulmonares venas
SRKMNKSNTFSFTNTRFNTRKLRPRXRPRSNTNL,Reparacion de DVSVD Cierre de comunicacion interventricular con parche tunel,cierre comunicacion dvsvd interventricular parche reparacion tunel
ANMLKNKSNKRSNPRSLPRSTMNTPLMNRSFNSRTN,Correcion de conexion anomala parcial de venas pulmonares con procedimiento de Warden,anomala conexion correcion parcial procedimiento pulmonares venas warden
SRFRMNNFL,Cierre de formanen oval,cierre formanen oval
KTFPKRXNSPRKRTK,Correccion de CATVP supracardiaca,catvp correccion supracardiaca
TRXFPTM,FBTM derecha,derecha fbtm
APKNFLNSPLSXRMS,Plastia de la confluencia de las ramas de la AP,ap confluencia plastia ramas
ARTKRTKRKFNSRPRSN,Reparacion de arco aortica Avance de arco aortico,aortica aortico arco avance reparacion
PLLKTSKFPTMFSTLMTFKT,FBTM Fistula de Blalock-Taussig modificada,blalock-taussig fbtm fistula modificada
KRSNFLLTPRXTTRLJTRNSNLRFNTRKLTM,Correcion de tetralogia de Falllot sin ventriculotomia ni parche transanular,correcion falllot parche tetralogia transanular ventriculotomia
ANMLRTRTKRTKRKFNSKRTSNKLKSNKNKSNKRSNKMPPLSNFRKRTKPSTRTPLMNRSTTLFNSFNRTRL,Correcion de coartacion de aorta y de hipoplasia de arco aortico avance aortico; Correcion de conexion anomala total de venas pulmonares infracardiaca obstruida; Colocacion de ECMO venoarterial,anomala aorta aortico aortico; arco avance coartacion colocacion conexion correcion ecmo hipoplasia infracardiaca obstruida; pulmonares total venas venoarterial
ATRLPTRXNLKLNPRSTMNTSPTKTM,Procedimiento de Glenn bidireccional; Septectomia atrial,atrial bidireccional; glenn procedimiento septectomia
SRSFNTRTKSTNSNMMPRNSPRXF,Cierre de CIV membranosa con parche con extension a la via de entrada,cierre civ entrada extension membranosa parche via
MMPRNPSTRKTFRSXNSPRTK,Reseccion de membrana subaortica no obstructiva,membrana obstructiva reseccion subaortica
PLLKTSKTSMNTLMNTFSTL,Desmantelamiento de fistula de Blalock-Taussig,blalock-taussig desmantelamiento fistula
SRKMNKSNNTRFNTRKLR,Cierre de comunicacion interventricular,cierre comunicacion interventricular
ARTKRTSNRPRSN,Reparacion de Coartacion de aorta,aorta coartacion reparacion
ANLPLSXMTRLPLSXRTTPFLFL,Plastia de valvula mitral con anuloplastia tipo Reed,anuloplastia mitral plastia reed tipo valvula
MTRSPFNTRKLRSRKMNKSNTRXFNSTRSNNTKRNTRRKLRNTRKFTRMSKLFRLPLMNRSPTMRPRSNRSXNFNTRKLR,Repracion biventricular de atresia pulmonar/septum integro con cierre de comunicacion inter-auricular con fenestracion de 4mm; con reseccion de musculo intracavitario ventricular derecho Overhaul,4mm; atresia biventricular cierre comunicacion derecho fenestracion integro inter-auricular intracavitario musculo overhaul pulmonar/septum repracion reseccion ventricular
PLLKTSMNTLMNTFSTLMTFKTTSK,Desmantelamiento de Fistula de Blalock taussig modificada,blalock desmantelamiento fistula modificada taussig
ARTRTLKTRXPRXPRKRTPLSXPLMNRRM,Plastia de rama derecha de la arteria pulmonar con parche de pericardio autologo,arteria autologo derecha parche pericardio plastia pulmonar rama
SRKMNKSNNTRFNTRKLRMMPRNSPRX,Cierre de comunicacion interventricular membranosa parche,cierre comunicacion interventricular membranosa parche
ANSTMSSKRTSNKRXNRSXNTRMNLTRMN,Coreccion de coartacion con reseccion y anastomosis termino terminal,anastomosis coartacion coreccion reseccion terminal termino
LKTRPK,Ligadura de PCA,ligadura pca
ATRLSPTKTM,Septectomia atrial,atrial septectomia
AFKNLKRXNTRNSSNL,Correccion de canal AV transicional,av canal correccion transicional
AFSRKMSRNTTRSKRTLTRSPRRMTRLPLSXPLKTRFLFL,Plastia de la valvula AV izquierda con cierre en hendidura mitral y plicatura de la comisura latero-superior izquierda,av cierre comisura hendidura izquierda latero-superior mitral plastia plicatura valvula
ARTRSKRNRKRSNKRNTSNSTMRKLKSNSTTKNKTRNSPSSNNK,Correcion de transposicion de grandes arterias con ostium coronario unico con tecnica de recolocacion in situ,arterias coronario correcion grandes in ostium recolocacion situ tecnica transposicion unico
ARTKRXNPLMNRFNTN,Correccion de ventana aorto pulmonar,aorto correccion pulmonar ventana
SRKMNKSNKSTNSNNFNTPLRNTRFNTRKLRMMPRNS,Cierre de comunicacion interventricular membranosa con extension infundibular,cierre comunicacion extension infundibular interventricular membranosa
ARTRSKRTPLSXPLMNRRM,Plastia de rama izquierda de arteria pulmonar,arteria izquierda plastia pulmonar rama
SRKMNKSNNTRRKLRSTMSKNTM,Cierre de comunicacion interauricular ostium secundum,cierre comunicacion interauricular ostium secundum
KLKSNLFTMTSTNLFK,Lavado mediastinal y colocacion de VAC,colocacion lavado mediastinal vac
ALNSNSRKMNKSNNTRFNTRKLRML,Cierre de comunicacion interventricular por mala alineacion,alineacion cierre comunicacion interventricular mala
ANMLKNKSNKRXNPLMNRSSPRKRTKTTLFNS,Coreccion de conexion anomala total de venas pulmonares supracardiaca,anomala conexion coreccion pulmonares supracardiaca total venas
SRKMNKSNNTRFNTRKLRMMPRNRSXNSPRTK,Cierre de comunicacion interventricular y reseccion de membrana subaortica,cierre comunicacion interventricular membrana reseccion subaortica
ARTKRTPLSXKRSNSTNSSPRXSPRFLFLRTKNK,Correcion de estenosis supravalvular aortica con tecnica de un parche Aortoplastia,aortica aortoplastia correcion estenosis parche supravalvular tecnica
MKTMSPTLSPRTK,Miectomia septal subaortica,miectomia septal subaortica
AMPLSNRTRPLMNRTRNK,Ampliacion del tronco de la arteria pulmonar,ampliacion arteria pulmonar tronco
PLSXPLMNRSRMS,Plastia de ramas pulmonares,plastia pulmonares ramas
PLLKTSKFSTLMTFKT,Fistula de Blalock-Taussig modificada,blalock-taussig fistula modificada
ARTRSSRKNTKT,Cierre de conducto arterioso,arterioso cierre conducto
PKMRLPPLTRSKLKSNLKTRTSPKRTKMRKPSS,Colocacion de marcapasos epicardico bicameral con electrodos bipoladres,bicameral bipoladres colocacion electrodos epicardico marcapasos
KPLSMRKPSSRTR,Retiro de cables de marcapasos,cables marcapasos retiro
SRKMNKSNNTRRKLRPRSL,Cierre parcial de comunicacion interauricular,cierre comunicacion interauricular parcial
FPTMNJRTPTFRTRSXN,Seccion de injerto de PTFE retiro de FBTM,fbtm injerto ptfe retiro seccion
SRRTKSRKMNKSNTRKTSTNSSNTRRKLRNTRFNTRKLRPRXRSXNSPFLFLR,"1 Cierre de comunicacion interauricular directo 
2Cierre de comunicacion interventricular parche 
3 Reseccion de estenosis subvalvular aortica","
2cierre 
3 1 aortica cierre comunicacion directo estenosis interauricular interventricular parche reseccion subvalvular"
RTRSFKNLSRKMPLTKNTKTKRXNKRRJK,"1 Correccion de canal AV completo
2 Cierre quirurgico de conducto arterioso","1 arterioso av canal cierre completo
2 conducto correccion quirurgico"
RTRSSRKMNKSNKNTKTNTRFNTRKLRPRXKRRJK,"1 Cierre de comunicacion interventricular parche 
2 Cierre quirurgico de conducto arterioso","
2 1 arterioso cierre comunicacion conducto interventricular parche quirurgico"
NMLRTRSSRKMNKSNKNTKTKNKSNKRXNNTRRKLRLKTRPRXPLMNRSFNS,"1 Correccion de conexion anomala de venas pulmonares 
2 Cierre de comunicacion interauricular parche 
3 Ligadura de conducto arterioso","
2 
3 1 anomala arterioso cierre comunicacion conducto conexion correccion interauricular ligadura parche pulmonares venas"
SRKMNKSNTRKTNTRFNTRKLRPRMR,Cierre de comunicacion interventricular directo primaria,cierre comunicacion directo interventricular primaria
KRXNFLTPRXTTRLJTRNSNLRFNTRKLTM,Correccion de tetralogia de Fallot no ventriculotomia no parche transanular,correccion fallot parche tetralogia transanular ventriculotomia
PLSXPLMNRFLFL,Plastia de valvula pulmonar,plastia pulmonar valvula
ARTKPLSXFLFLR,Plastia Valvular Aortica,aortica plastia valvular
SRKMNKSNNTRFNTKLRPRX,Cierre de comunicacion interventicular parche,cierre comunicacion interventicular parche
ARKLRSRKMNKSNPRX,Cierre de comunicacion auricular parche,auricular cierre comunicacion parche
SRKMNKSNNTRFNTKLR,Cierre de comunicacion interventicular,cierre comunicacion interventicular
AKSPLRSNPLSXPLMNRFLFL,exploracion y plastia de valvula pulmonar,exploracion plastia pulmonar valvula
ANLNTRMTRLMTRLPLSXRSXNFLFL,Plastia de valvula mitral Reseccion de anillo intramitral,anillo intramitral mitral plastia reseccion valvula
ARTKRTSNKRXNKSTNTTTRMNTRMNL,Correccion de coartacion de aorta termino-terminal extendida,aorta coartacion correccion extendida termino-terminal
SRKMNKSNNTRFNTRKLRPRMR,Cierre de comunicacion interventricular primaria,cierre comunicacion interventricular primaria
SRKMNKSNNTRRKLRSTMPRMRSKNTM,cierre primario de comunicacion interauricular ostium secundum,cierre comunicacion interauricular ostium primario secundum
AKSTRKRTKFNSTRTFNTN,Fontan Extracardiaco no fenestrado,extracardiaco fenestrado fontan
AFKNLNTRMTRPRSNTRNSSNL,Reperacion de Canal AV intermedio o transicional,av canal intermedio reperacion transicional
SRPK,cierre de PCA,cierre pca
ARTRTKRKFNSKRTSNKRXNPLPSTKNK,Correccion de coartacion de aorta y de hipolpasia de arco aortico con tecnica de avance,aorta aortico arco avance coartacion correccion hipolpasia tecnica
KRXNTPLSTNSSPLMNRSLTFT,Correccion de doble salida del VD con estenosis pulmonar,correccion doble estenosis pulmonar salida vd
SSRSTMSKNTM,Cierre de CIA ostium secundum,cia cierre ostium secundum
ANLNTRMTRLMTRLRSXNFLFLPLSX,Valvuloplastia mitral Reseccion de anillo intramitral,anillo intramitral mitral reseccion valvuloplastia
KRXNTRXTPLPRXSLTTNLFNTRKL,Correccion de doble salida de ventriculo derecho con parche tunel,correccion derecho doble parche salida tunel ventriculo
SRSFSPRTK,cierre de CIV subaortica,cierre civ subaortica
MTFKSNNRTPRSTMNTSN,Procedimiento de Norwood con modificacion de Sano,modificacion norwood procedimiento sano
KTTRKLKSNTLSSPRTNL,colocacion de cateter de dalisis peritoneal,cateter colocacion dalisis peritoneal
KRXNFLTTTRLJ,Correccion de tetralogia de Fallot,correccion fallot tetralogia
LFTRKRTNLLKTRFN,Ligadura de vena levo-atrio-cardinal,levo-atrio-cardinal ligadura vena
KTFPKRNRKRXNSN,Correccion de CATVP seno coronario,catvp coronario correccion seno
ARTKRKFNSRPRSNTKNK,Reparacion de arco aortico con tecnica de avance aortico,aortico arco avance reparacion tecnica
SRSFMMPRNS,cierre de CIV membranosa,cierre civ membranosa
APKLSRSFMSKLR,cierre CIV muscular apical,apical cierre civ muscular
ANSTMSSRTKKRTSNKRXNTRMNTRMNL,Correccion de coartacion aortica y anastomosis termino-terminal,anastomosis aortica coartacion correccion termino-terminal
ATRSSFKRXNPLMNR,Correccion de atresia pulmonar con CIV,atresia civ correccion pulmonar
KNTKRMPLNTTPFLFLT,implante de tubo valvulado Contegra,contegra implante tubo valvulado
TSMNTLMNTFPTMTFKT,desmantelaminto de FBT modificada,desmantelaminto fbt modificada
SSRPRMR,Cierre primario de CIA,cia cierre primario
ARTPLMNRSRFNTN,Cierre de ventana aortopulmonar,aortopulmonar cierre ventana
AMPLSNPLPFNTRKLRFRMNRJNSPRTK,Ampliacion de foramen bulboventricular y region subaortica,ampliacion bulboventricular foramen region subaortica
PTRSNLKLN,Glenn bidirecional,bidirecional glenn
SRKMNKSNNTRFNTRKLRPRMMPRNSPRMR,Cierre de comunicacion interventricular perimembranosa primario,cierre comunicacion interventricular perimembranosa primario
KRXNTRXTPLFLTSLTTPFNTRKL,Correccion de doble salida de ventriculo derecho tipo Fallot,correccion derecho doble fallot salida tipo ventriculo
SRKMNKSNNTRFNTRKLRMMPRNSPRMR,Cierre primario de comunicacion interventricular membranosa,cierre comunicacion interventricular membranosa primario
ALNSNSRKMNKSNNTRFNTRKLRMLMMPRNSPRX,Cierre de comunicacion interventricular membranosa por malaa alineacion parche,alineacion cierre comunicacion interventricular malaa membranosa parche
SSRMNSTRNTMPRX,Cierre de CIA parche por miniesternotomia,cia cierre miniesternotomia parche
ANMLKNKSNKRXNPLMNRSSTRTKNKTTLFNS,Correccion de conexion anomala total de venas pulmonares Tecnica sin sutura,anomala conexion correccion pulmonares sutura tecnica total venas
KMPKFPLMNRKSTRKRTKTP,Cambio de tubo extracardiaco cavo-pulmonar,cambio cavo-pulmonar extracardiaco tubo
SRSFKRSNTRXTPLRLSNTSLTSPRTKTPLMNTFNTRKL,Cierre de CIV subaorticadoblemente relacionada en corazon con doble salida de ventriculo derecho,cierre civ corazon derecho doble relacionada salida subaorticadoblemente ventriculo
SRSFRNTRFNSNRSTL,Reintervencion para cierre de CIV residual,cierre civ reintervencion residual
SRKMNKSNNTRTNTRFNTRKLRF,Cierre de comunicacion interventricular de la via de entrada,cierre comunicacion entrada interventricular via
PTRXNLPLTRLKLNPRSTMNTT,Procedimientode Glenn bidireccional bilateral,bidireccional bilateral glenn procedimientode
ATRSFSLJNTKRMTPLSNPLMNRSPTMFNTRKL,Paliacion con fisiologia de uno y medio ventriculo de atresia pulmonar con septum integro,atresia fisiologia integro medio paliacion pulmonar septum ventriculo
ANSTMSSPTRXNLKFPLMNR,anastomosis cavopulmonar bidireccional,anastomosis bidireccional cavopulmonar
SRKMNKSNFNSTRSNNTRRKLRPRX,cierre de fenestracion de parche de cierre de comunicacion interauricular,cierre comunicacion fenestracion interauricular parche
ARTRTKRKFNSKRTSNKRXNPPLSTKNK,Correccion de coartacion de aorta y de hipoplasia de arco aortico con tecnica de avance aortico,aorta aortico arco avance coartacion correccion hipoplasia tecnica
ASKRTPLSXPLMNRRM,Plastia de la rama pulmonar izquierda,izquierda plastia pulmonar rama
ARTRLSRSFMSKLRPRSNSX,Operacion Switch Arterial con cierre de CIV muscular,arterial cierre civ muscular operacion switch
ASKRTPLSXPLMNRRMRFSN,Revision de plastia de la rama pulmonar izquierda,izquierda plastia pulmonar rama revision
NFPLSX,nueva plastia,nueva plastia
SRKMNKSNNFNTPLRNTRFNTRKLRPRX,Cierre de comunicacion interventricular infundibular parche,cierre comunicacion infundibular interventricular parche
SRKMNKSNNTRTKSTNSNNTRFNTRKLRMMPRNSPRXF,Cierre de comunicacion interventricular de via de entrada con extension membranosa parche,cierre comunicacion entrada extension interventricular membranosa parche via
ARKLSSRKRXNSPSLMNTSSKRTSKRTSMRFLJKMNTPRSLPLMNRSRSTLFNS,Cierre de CIA residual y correccion parcial de venas pulmonares espacialmente izquierdas hacia auricula morfologicamente izquierda,auricula cia cierre correccion espacialmente hacia izquierda izquierdas morfologicamente parcial pulmonares residual venas
PKSPTSSNPLSXTRKSPTFLFL,Plastia tricuspidea con bicuspidizacion de la valvula,bicuspidizacion plastia tricuspidea valvula
SRKMNKSNNTRFNTRKLRPRXPRMMPRNS,Cierre de comunicacion interventricular perimembranosa parche,cierre comunicacion interventricular parche perimembranosa
SRSFNTRTMPRXF,Cierre de CIV de via de entrada m parche,cierre civ entrada m parche via
SRNTTRMTRLPLSX,Cierre de hendidura mitral y plastia mitral,cierre hendidura mitral plastia
PLXTRKSPT,Platia tricuspidea,platia tricuspidea
SSRSTMPRMRSKNTM,Cierre de CIA ostium secundum primario,cia cierre ostium primario secundum
SSRSTRNTMSTMPRXPRSLSKNTM,Cierre de CIA ostim secundum parche esternotomia parcial,cia cierre esternotomia ostim parche parcial secundum
SRSFPRXPRMMPRNS,Cierre de CIV perimembranosa  parche, cierre civ parche perimembranosa
MMKTMRJNSPRTK,Mimectomia de region subaortica,mimectomia region subaortica
SRSFPRMMPRNS,Cierre de CIV perimembranosa,cierre civ perimembranosa
MMKTMMRPRSTMNT,Mimectomia Procedimiento de Morrow,mimectomia morrow procedimiento
SSRSTMPRSSKNTM,Cierre de CIA ostium secundum parhce,cia cierre ostium parhce secundum
SSRSTMPRXSKNTM,Cierre de CIA ostium secundum parche,cia cierre ostium parche secundum
SRSFNTRTPRXF,Cierre de CIV  de via de entrada parche, cierre civ entrada parche via
SSRFNSTRTSTMPRMRSKNTM,cierre primario de CIA ostium secundum fenestrada,cia cierre fenestrada ostium primario secundum
AFPLNSTKNLKMPLTKRXN,Correccion de Canal AV completo balanceado,av balanceado canal completo correccion
SRKMNKSNNTRRKLRSTMPRXSKNTM,Cierre de comunicacion interauricular ostium secundum parche,cierre comunicacion interauricular ostium parche secundum
ALTSRKMNKSNNTRFNTRKLRMLTPLMSKLR,Cierre de comunicacion interventricular multiple muscular alta,alta cierre comunicacion interventricular multiple muscular
KRXNFLTPRXTTRLJTRNSNLR,Correccion de Tetralogia de Fallot con parche transanular,correccion fallot parche tetralogia transanular
ARTRSKNTKTLKTRPKN,Ligadura de conducto arterioso pequeno,arterioso conducto ligadura pequeno
PLSXTPTRKSPTFK,Plastia tricuspidea tipo De Vega,plastia tipo tricuspidea vega
PTRTKMPLNTJTMKNKMPRTSSST,Implante de protesis aortica mecanica St Jude Abbott 23 mm,23 abbott aortica implante jude mecanica mm protesis st
ARTRTKSNTNTTKRNMRKMPLNTNJRTRSXNTKNK,Reseccion de aorta ascendente e implante de injerto de dacron en aorta ascendente con tecnica de hemiarco aortico,aorta aortico ascendente dacron hemiarco implante injerto reseccion tecnica
PLSXPLMNRFLFLR,Plastia valvular pulmonar,plastia pulmonar valvular
MMRTRSSRKNTKTTMTRKSTRNKRNTLRKKRRJK,Cierre quirurgico de conducto arterioso grande 12mm diametro externo y 13mm de largo,12mm 13mm arterioso cierre conducto diametro externo grande largo quirurgico
MTRLPLSXFLFL,Plastia de valvula mitral,mitral plastia valvula
ATRFNTRKLRKMSRSSKRTPLKTRFLFL,Plicatura de comisuras de valvula atrioventricular izquierda,atrioventricular comisuras izquierda plicatura valvula
KRSNFLTPRXTTRLJTRNSNLRFNTRKLTM,Correcion de Tetralogia de Fallot sin parche transanular sin ventriculotomia,correcion fallot parche tetralogia transanular ventriculotomia
SSRFRMNFLPKNTP,Cierre de CIA muy pequena tipo foramen oval,cia cierre foramen oval pequena tipo
ARTKRTKRKFNSKRTSNKRXNPPLSTKNK,Correccion de coartacion aortica e hipoplasia de arco aortico con tecnica de avance de arco aortico,aortica aortico arco avance coartacion correccion hipoplasia tecnica
PRKSMTMNTSRSFTMTRKRNTMPRMMPRNS,Cierre de CIV grande perimembranosa aproximadamente 11 mm de diametro,11 aproximadamente cierre civ diametro grande mm perimembranosa
ANSTMSSRTKRTKTMKSTNTTRPRSNTRMNTRMNL,Reparacion de aorta con coartectomia y anastomosis termino-terminal extendida,anastomosis aorta coartectomia extendida reparacion termino-terminal
SRSFMPRXPRMMPRNS,Cierre de CIV perimembranosa  de 10 mm con parche, 10 cierre civ mm parche perimembranosa
MRTRSKNTKTLKTR,Ligadura de conducto arterioso 3mm,3mm arterioso conducto ligadura
ARTPLMNRKRXNTPFNT,Coreccion de venta aortopulmonar tipo III,aortopulmonar coreccion iii tipo venta
SRSFKRNTMPRMMPRNS,Cierre de CIV grande 11 mm perimembranosa,11 cierre civ grande mm perimembranosa
ANLRPLJKPKMPLNTJTPSSNPRTSSPLMNRSTSPR,Implante de protesis biologica St Jude Epic supra- anular en posicion pulmonar,anular biologica epic implante jude posicion protesis pulmonar st supra-
ARTKRKFNSTMSKSTNSLPRSTMNT,Procedimiento de Damus/Kaye/Stansel y avance de arco aortico,aortico arco avance damus/kaye/stansel procedimiento
ANMLKFKMNKSNKNKSNKRXNNTRRKLRPRSLPLMNRSSNSPRRTKNKTPFNFNSFNSRTN,Correccion de comunicacion interauricular tipo seno venoso y de conexion anomala parcial de venas pulmonares a la vena cava superior con tecnica de Warden,anomala cava comunicacion conexion correccion interauricular parcial pulmonares seno superior tecnica tipo vena venas venoso warden
AKSPLRSNPLMNRFFL,Exploracion de vavula pulmonar,exploracion pulmonar vavula
FKNLKRXNNNTKNK,Correccion de Canal  AV Tecnica de Nunn, av canal correccion nunn tecnica
RTRSSRKNTKTKRRJK,Cierre quirurgico  de conducto arterioso, arterioso cierre conducto quirurgico
LNSNSRSFMLPRXPRKRTK,Cierre de CIV por mala alineacion  parche pericardico, alineacion cierre civ mala parche pericardico
KMRKRXNTRXTPLMSKLRSXNFNTRKLRFNTRKL,Correccion de doble camara del ventriculo derecho con reseccion de musculo ventricular,camara correccion derecho doble musculo reseccion ventricular ventriculo
AFKNLKRXNNNTKNK,Correccion de Canal AV Tecnica de Nunn,av canal correccion nunn tecnica
ANTRLTRLSRKMNKSNTRXNTRRKLR,Cierre de comunicacion interauricular antero-lateral derecha,antero-lateral cierre comunicacion derecha interauricular
SRTFKTRSTLSPTLFNTRKLR,Cierre de defecto septal ventricular residual,cierre defecto residual septal ventricular
KMPNNTTRXPLSX,Plastia de componente derecho,componente derecho plastia
KMPNNTSKRTPLSX,Plastia de componente izquierdo,componente izquierdo plastia
KRSNFLTPRXTTRLJTRNSNLR,Correcion de Tetralogia de Fallot con parche transanular,correcion fallot parche tetralogia transanular
PLLKFSTLLKTR,Ligadura de Fistula de Blalock,blalock fistula ligadura
TKTLLKTRRSXNSTNT,Ligadura y reseccion de stent ductal,ductal ligadura reseccion stent
ASKRTPLSXRM,Plastia de rama izquierda,izquierda plastia rama
SRKMNKSNNTRFNTRKLRMMPRNS,Cierre de comunicacion interventricular membranosa,cierre comunicacion interventricular membranosa
ANSTMSSKRTKTMKSTNTTTRMNTRMNL,Coartectomia con anastomosis termino-terminal extendida,anastomosis coartectomia extendida termino-terminal
ATRFNTRKLRKMPNNTTRXPLSXFLFL,Plastia de componente derecho valvula atrioventricular,atrioventricular componente derecho plastia valvula
SRKMNKSNNTRFNTRKLRPRXPRSTMNTRSTL,Procedimiento de Rastelli Cierre de Comunicacion interventricular parche,cierre comunicacion interventricular parche procedimiento rastelli
ARTRKLKSNTRXPLMNRTPFLFLTFNTRKL,Colocacion de tubo valvulado de ventriculo derecho a arteria pulmonar,arteria colocacion derecho pulmonar tubo valvulado ventriculo
ARTRSKNTKTSXNSTR,Succion y sutura del conducto arterioso,arterioso conducto succion sutura
SRKMNKSNNTRFNTRKLRPRXPRKRTPRMMPRNS,Cierre de Comunicacion interventricular perimembranosa parche pericardio,cierre comunicacion interventricular parche pericardio perimembranosa
SRKMNKSNSTRNTMNTRRKLRSTMPRXPRSLPRKRTSKNTM,Cierre de Comunicacion interauricular ostium secundum por esternotomia parcial con parche de pericardio,cierre comunicacion esternotomia interauricular ostium parche parcial pericardio secundum
SNSTRLSNMLKNKSNKRXNPLMNRSSPRKRTKSTRTKNKTTLFNS,"Coreccion de conexion anomala total de venas pulmonares supracardiaca con tecnica ""sutureless"" ""sin sutura""","""sin ""sutureless"" anomala conexion coreccion pulmonares supracardiaca sutura"" tecnica total venas"
NSTMSSRTKRTSNKRTKTMKRXNKSTNTTTRMNTRMNL,Correccion de coartacion de aorta con coartectomia y  anastomosis termino-terminal extendida, anastomosis aorta coartacion coartectomia correccion extendida termino-terminal
PLSXTRKSPTFLFL,Plastia de valvula tricuspide,plastia tricuspide valvula
ANSTMSSRTRTKRKRTRSSNTNTKNTKTKRXNTSNTNTNTRPSNLKTRSXNTRMNTRMNLTP,Correccion de interrupcion de arco aortico tipo A con ligadura y seccion de conducto arterioso y anastomosis termino-terminal de la aorta descendente a la aorta ascendente,anastomosis aorta aortico arco arterioso ascendente conducto correccion descendente interrupcion ligadura seccion termino-terminal tipo
ANMLNTRRRTRTRKRKRXNKNTRXLRJNPRXPRKRTPLMNRRMRKNTRXNSXNTPFNTN,Correccion de ventana aorta pulmonar tipo II y de origen anomalo de la rama de la arteria pulmonar de la aorta con seccion en cuna de esta recontruccion de la cara anterior de l rama derecha de la arteria pulmonar con parche de pericardio,anomalo anterior aorta arteria cara correccion cuna derecha ii l origen parche pericardio pulmonar rama recontruccion seccion tipo ventana
AKSPLRSNNTRFNTRKLRSPTM,Exploracion de septum interventricular,exploracion interventricular septum
SRKMNKSNNTRFNTRKLRMMPRNSPRXPRKRT,Cierre de comunicacion interventricular membranosa parche de pericardio,cierre comunicacion interventricular membranosa parche pericardio
SRKMNKSNNTRFNTRKLRPRMMPRNS,Cierre de comunicacion interventricular perimembranosa,cierre comunicacion interventricular perimembranosa
KMRKRXNTRXTPLFPRMSKLRRSXNTJTFNTRKL,Correccion de doble camara del ventriculo derecho con reseccion del tejido fibromuscular,camara correccion derecho doble fibromuscular reseccion tejido ventriculo
ARTRPNTJPLMNRRTR,Retiro de bandaje de arteria pulmonar,arteria bandaje pulmonar retiro
KLKSNKM,Colocacion de ECMO,colocacion ecmo
KRXNTSFTPRXTNL,Correccion de DSVD con parche tunel,correccion dsvd parche tunel
AMPLSNPRXTRNSNLRTSFTFNTRKLTM,Ampliacion de TSVD con parche transanular ventriculotomia,ampliacion parche transanular tsvd ventriculotomia
TSMNTJFSTLPLMNRSSTMK,Desmontaje de fistula sistemico pulmonar,desmontaje fistula pulmonar sistemico
SRKMNKSNNTRTKSTNSNNTRFNTRKLRPRMMPRNSF,Cierre de Comunicacion interventricular perimembranosa con extension a la via de entrada,cierre comunicacion entrada extension interventricular perimembranosa via
ARTRSKNTKTPRSSTNTSXNSTR,Seccion y sutura de conducto arterioso persistente,arterioso conducto persistente seccion sutura
ARTRTKRKFNSKRTSNKRSNPPLSTKNK,Correcion de coartacion de aorta e hipoplasia del arco aortico con tecnica de avance de arco aortico,aorta aortico arco avance coartacion correcion hipoplasia tecnica
SRKMNKSNNFNTPLRNTRFNTRKLR,Cierre de comunicacion interventricular infundibular,cierre comunicacion infundibular interventricular
AFPLNSTKNLKMPLTKRSNTP,Correcion de canal AV completo balanceado tipo C,av balanceado c canal completo correcion tipo
SRKMNKSNNTRRKLRSTMPKNSKNTM,Cierre de comunicacion interauricular ostium secundum pequena,cierre comunicacion interauricular ostium pequena secundum
SNTRLPLSXPLMNRSRMS,Plastia central de ramas pulmonares,central plastia pulmonares ramas
TSMNTLMNTFSTLPLMNRSSTMK,Desmantelamiento de fistula sistemico pulmonar,desmantelamiento fistula pulmonar sistemico
ANMLSRKNKSNKRNRTRXSTSNFRRNMMNTSKRTMKSTPLMNRSSNSPRRTTLFNFNS,Cierre de Conexion anomala total de venas pulmonares mixta las dos venas derechas y la inferior izquierda al seno coronario la superior izquierda a la vena inmominada,anomala cierre conexion coronario derechas dos inferior inmominada izquierda mixta pulmonares seno superior total vena venas
SRKMNKSNFRMNNTRRKLRFLRSTRKTFTP,Cierre de  Comunicacion interauricular tipo foramen oval restrictiva, cierre comunicacion foramen interauricular oval restrictiva tipo
KRNRTSTXMNTSKRTSTM,Destechamiento del ostium de la coronaria izquierda,coronaria destechamiento izquierda ostium
SRKMNKSNTPLMNTNTRFNTRKLRRLSNT,Cierre de comunicacion interventricular doblemente relacionada,cierre comunicacion doblemente interventricular relacionada
SSRKLKSNKNFLNSKNTKRKRSNTRXFNSTRSNMPLMNRSRMSTPFLFLTFNTRKLFNTRKL,"Correcion de ""1 1/2 ventriculo"" con colocacion de tubo valvulado Contegra de 16 mm del ventriculo derecho a la confluencia de las ramas pulmonares y cierre de CIA con fenestracion de 5 mm","""1 1/2 16 5 cia cierre colocacion confluencia contegra correcion derecho fenestracion mm pulmonares ramas tubo valvulado ventriculo ventriculo"""
PNTJPLMNR,Bandaje pulmonar,bandaje pulmonar
ANMLKNKSNKRXNPLMNRSTTLFNS,Correccion de conexion anomala total de venas pulmonares,anomala conexion correccion pulmonares total venas
PLTRLKLN,Glenn bilateral,bilateral glenn
PRSTMNTRSTL,Procedimiento Rastelli,procedimiento rastelli
ANMLKNKSNKRXNPRSLPLMNRSFNS,Correccion de conexion anomala parcial de venas pulmonares,anomala conexion correccion parcial pulmonares venas
SRKMNKSNTPRKRTNTRRKLRNTRFNTRKLRPRX,"Cierre de comunicacion interauricular y cierre de comunicacion interventricular con parche de
pericardio","cierre comunicacion de
pericardio interauricular interventricular parche"
PLLKFSTLMTFKTPLMNRSSTMKTSK,Fistula sistemico pulmonar de Blalock Taussig modificada,blalock fistula modificada pulmonar sistemico taussig
ANLRMTRLPLSXPLKTRPSTRRFLFL,Plastia de valvula mitral por plicatura anular posterior,anular mitral plastia plicatura posterior valvula
ANSTMSSKRTSNKSTNTTRSXNTRMNLTRMN,Reseccion de coartacion con anastomosis termino terminal extendida,anastomosis coartacion extendida reseccion terminal termino
MTRLFLFLPLSX,Valvuloplastia mitral,mitral valvuloplastia
SRKMNKSNNTRFNTRKLRPRXPRKRTK,Cierre de comunicacion interventricular parche pericardico,cierre comunicacion interventricular parche pericardico
ARTPLMNRPTRXNLKLTRLTSMNTJFSTLKLNLKTRPRSTMNTPLMNRSSTMK,Procedimiento de Glenn bidireccional Ligadura de colateral aorto-pulmonar Desmontaje de fistula sistemico pulmonar,aorto-pulmonar bidireccional colateral desmontaje fistula glenn ligadura procedimiento pulmonar sistemico
AMPLSNKPFPSKRSNMS,Correcion de CAPVP mas ampliacion de CIA,ampliacion capvp cia correcion mas
MPLSNTRXMTRPRSNSLTTRKTFNTRKLRFNTRKL,Reparacion uno y medio ventricular  Ampliacion de tracto de salida de ventriculo derecho, ampliacion derecho medio reparacion salida tracto ventricular ventriculo
ANMLKNKSNKRXNTSNTNTNFRKRTKKLTPRSLMNTPLMNRSTTLFNFNS,Correccion de conexion anomala total de venas pulmonares infracardiaca parcialmente ocluida en la vena descendente,anomala conexion correccion descendente infracardiaca ocluida parcialmente pulmonares total vena venas
ARTKRKFNSKRXNNTRPSNTKNK,Correccion de interrupcion de arco aortico con tecnica de avance de arco aortico,aortico arco avance correccion interrupcion tecnica
ARTKRKRTRSKRXNNTRPSNTRNK,Correccion de Tronco arterioso con interrupcion de arco aortico,aortico arco arterioso correccion interrupcion tronco
SRKMNKSNNTRFNTRKL,Cierre de comunicacion interventricula,cierre comunicacion interventricula
KTFPKRXNNFRKRTK,Correccion de CATVP infracardiaca,catvp correccion infracardiaca
SRMTRLFLFL,Cierre de valvula mitral,cierre mitral valvula
ATRSPTSTM,Atrioseptostomia,atrioseptostomia
APTRTKMPLNTJTMKNKPRTSSST,Implante de protesis aortica mecanica St Jude Abbott,abbott aortica implante jude mecanica protesis st
KMPKNFLNSKNTKRTRXPLMNRSRMSTPFLFLTFNTRKL,Cambio de tubo valvulado Contegra del ventriculo derecho a la confluencia de las ramas pulmonares,cambio confluencia contegra derecho pulmonares ramas tubo valvulado ventriculo
SRKMNKSNNTRRKLRPRXPRKRT,Cierre de comunicacion interauricular parche de pericardio,cierre comunicacion interauricular parche pericardio
KFKSPLRSNNFRRRSXNTRMPFN,Exploracion de vena cava inferior y reseccion de trombo,cava exploracion inferior reseccion trombo vena
ARTRKSPLRSNPLMNR,Exploracion de arteria pulmonar,arteria exploracion pulmonar
ANSTMSSRTKRTSNKRTKTMKRXNKSTNTTTRMNLTRMN,Correccion de coartacion de aorta con coartectomia y anastomosis termino terminal extendida,anastomosis aorta coartacion coartectomia correccion extendida terminal termino
PLSXPLMNFLFL,Plastia de valvula pulmona,plastia pulmona valvula
ARTPLMNRKLTRLLKTR,Ligadura de colateral aorto-pulmonar,aorto-pulmonar colateral ligadura
SRSFMSKLR,Cierre de CIV muscular,cierre civ muscular
AMPLSNPLPFNTRKLRFRMN,Ampliacion de foramen bulboventricular,ampliacion bulboventricular foramen
KTFPKRXNSTRSTRLSTKNK,Correccion de CATVP tecnica suturless sin sutura,catvp correccion sutura suturless tecnica
ARTRTKRKFNSKRTSNKRXNPPLS,Correccion de coartacion de aorta e hipoplasia de arco aortico con avance de arco aortico,aorta aortico arco avance coartacion correccion hipoplasia
ANMLKNKSNKRXNPLMNRSSTRSTRLSTKNKFNS,Correccion de conexion anomala de venas pulmonares con tecnica sin sutura Suturless,anomala conexion correccion pulmonares sutura suturless tecnica venas
ARKLSKRTMMPRNRSXN,Reseccion de membrana de auricula izquierda,auricula izquierda membrana reseccion
PTRRXNLKLNPRSTMNT,Procedimiento de Glenn bidirerccional,bidirerccional glenn procedimiento
ARTRLJTNPRSTMNTSX,Procedimiento de Switch arterial Procedimiento de Jatene,arterial jatene procedimiento switch
ANSTMSSRKLKMNNMNTFN,Anastomosis de vena innominada a auricula comun,anastomosis auricula comun innominada vena
ASTRLNFKNLKRXNNTRMTTKNK,Correccion de canal AV intermedio Tecnica australiana,australiana av canal correccion intermedio tecnica
SRKMNKSNNTRTKSTNSNNTRFNTRKLRMMPRNSF,Cierre de comunicacion interventricular de la via de entrada con extension membranosa,cierre comunicacion entrada extension interventricular membranosa via
SRKMNKSNNTRRKLRPSTMSKNTM,Cierre de comunicacion interauricular opstium secundum,cierre comunicacion interauricular opstium secundum
AMPLSNPRTRTRSSRSFKRXNMSPLMNRTSFT,Correccion de Atresia Pulmonar con CIV Apertura y ampliacion del TSVD mas cierre de CIV,ampliacion apertura atresia cierre civ correccion mas pulmonar tsvd
PPSTRXFNTRKL,Biopsia de ventriculo derecho,biopsia derecho ventriculo
SLTNKRTRTPLSXSNTNTTSLSMNTTKNK,"Aortoplastia por deslizamiento de aorta ascendente tecnica de ""sliding"" de aorta ascendente","""sliding"" aorta aortoplastia ascendente deslizamiento tecnica"
TKNKNMLKNKSNKRXNPLMNRSSTRTTLFNS,"Correccion de conexion anomala total de venas pulmonares ""Tecnica sin sutura""","""tecnica anomala conexion correccion pulmonares sutura"" total venas"
SRKMNKSNTRKTNTRRKLR,Cierre de comunicacion interauricular directo,cierre comunicacion directo interauricular
APTMPLNTJTMTRLPRTSSST,Implante de protesis mitral St Jude Abbott,abbott implante jude mitral protesis st
SRTRKTFRMNFL,Cierre de foramen oval directo,cierre directo foramen oval
ARTKRXNTRXTPLFLJSKRTPRXRTRXNSLTTNLFNTRKL,Correccion de doble salida de ventriculo derecho con redireccion de flujo de ventriculo izquierdo a aorta con parche tunel,aorta correccion derecho doble flujo izquierdo parche redireccion salida tunel ventriculo
KLTRLTRXPLMNRRMNFKLSSN,Unifocalizacion de colateral a la rama pulmonar derecha,colateral derecha pulmonar rama unifocalizacion
ANLTTRXTRJTTPFFNTRKL,Tubo anillado el cual va dirigido del ventriculo derecho,anillado derecho dirigido tubo va ventriculo
ANSTMSSRTKRTSNKRTKTMKRXNKSTNTTTRMNTRMNL,Correccion de coartacion de aorta con coartectomia y anastomosis termino-terminal extendida,anastomosis aorta coartacion coartectomia correccion extendida termino-terminal
SRKMNKSNNTRRKLRSTMPRXKRRJKSKNTM,Cierre quirurgico de comunicacion interauricular ostium secundum con parche,cierre comunicacion interauricular ostium parche quirurgico secundum
SNTRLSSNPLMNRSRMS,Centralizacion de ramas pulmonares,centralizacion pulmonares ramas
NMLKNKSNKRXNPLMNRSSTRTKNKFNS,Correccion de conexion anomala de venas pulmonares   Tecnica sin sutura, anomala conexion correccion pulmonares sutura tecnica venas
SFKRXNTRXTPLTPLMNTNFNTPLRRLSNTSLTFNTRKL,Correccion de doble salida del ventriculo derecho con CIV infundibular doblemente relacionada,civ correccion derecho doble doblemente infundibular relacionada salida ventriculo
AKSPLRSNRSXNTMR,Exploracion y reseccion del tumor,exploracion reseccion tumor
PPS,Biopsia,biopsia
AKSTKRTKFNSTRTFNTNPRSTMNT,Procedimiento de Fontan extacardiaco no fenestrado,extacardiaco fenestrado fontan procedimiento
AMPLSNRTRTSFTKSPLRSNPLMNRTRNKFLFL,Exploracion de valvula pulmonar con ampliacion de tronco de arteria pulmonar ATSVD,ampliacion arteria atsvd exploracion pulmonar tronco valvula
KRXNNTTRMTRLPLSX,Correccion de hendidura mitral plastia mitral,correccion hendidura mitral plastia
ARKLKMNTRXNFLJSKRTPLMNRSSPTSNFNS,Septacion de auricula comun con direccion de flujo de venas pulmonares a auricula izquierda,auricula comun direccion flujo izquierda pulmonares septacion venas
ANLPLSXPRSL,Anuloplastia parcial,anuloplastia parcial
PRSTMNTRS,Procedimiento de Ross,procedimiento ross
ANRSMRTSNTNTKRXNTSKT,Correccion de aneurisma disecado de aorta ascendente,aneurisma aorta ascendente correccion disecado
ARTKRNRRTRKRNRTMMRTSNTNTMKRTKPSTRRPNTRFSKLRSSN,Revascularizacion miocardica con puente aorto-coronario demamaria a arteria coronaria descendente posterior,aorto-coronario arteria coronaria demamaria descendente miocardica posterior puente revascularizacion
SNSTRLSNMLKNKSNKRXNNFRKRTKPLMNRSSTRTKNKTTLFNS,"Correccion de conexion anomala total de venas pulmonares infracardiaca con tecnica ""sin sutura"" O ""sutureless""","""sin ""sutureless"" anomala conexion correccion infracardiaca pulmonares sutura"" tecnica total venas"
MTRLPLSXFLFLR,Plastia valvular mitral,mitral plastia valvular
PLLKTSKTRXFSTLNJRTMTFKTPTF,Fistula de Blalock-Taussig modificada derecha con injerto de PTFE,blalock-taussig derecha fistula injerto modificada ptfe
PPSKFNFRRRKNSTSPNTTLLTMTRMPTMRFN,Toma de biopsia de trombo organizado subendotelial en vena cava inferior  Tumor , biopsia cava inferior organizado subendotelial toma trombo tumor vena
SRKMNKSNNTRRKLRSTMSKFNTM,Cierre de comunicacion interauricular ostium secvundum,cierre comunicacion interauricular ostium secvundum
KRTKSKFTTSKSPLRSN,Exploracion de cavidades cardiacas,cardiacas cavidades exploracion
ANMLSNTNTKFKNKSNKRXNTRKTPRSTMNTPLMNRSSPRRFNFNSRTN,Correccion de conexion anomala de venas pulmonares a la vena cava superior directa sin vena ascendente con procedimento de Warden,anomala ascendente cava conexion correccion directa procedimento pulmonares superior vena venas warden
KLKSNMNKSPTPSSNPLMNRFLFL,Colocacion de valvula monocuspide en posicion pulmonar,colocacion monocuspide posicion pulmonar valvula
ANSTMSSRTKRKKRTKTMKSTNTTRPRSNTRMNTRMNL,Reparacion de arco aortico con coartectomia y anastomosis termino-terminal extendida,anastomosis aortico arco coartectomia extendida reparacion termino-terminal
PTMPLNTJTMKNKMTRLMPRTSSST,Implante de protesis mitral mecanica St Jude Abbott 21 mm,21 abbott implante jude mecanica mitral mm protesis st
ANSTMSSRTKRTSNKRXNRSXNTRMNTRMNL,Correccion de coartacion de aorta con reseccion y anastomosis termino-terminal,anastomosis aorta coartacion correccion reseccion termino-terminal
ARTKRKFNSKRXNTSTLPSTRXNRSTLTKNK,Correccion de obstruccion residual de arco aortico distal con tecnica de avance arco aortico,aortico arco avance correccion distal obstruccion residual tecnica
STRLSNMLKNKSNKRXNPLMNRSSTRTKNKTTLFNS,"Correccion de conexion anomala total de venas pulmonares Tecnica sin sutura ""suturless""","""suturless"" anomala conexion correccion pulmonares sutura tecnica total venas"
ARKLTRXRSXNTRMPS,Reseccion de trombos de auricula derecha,auricula derecha reseccion trombos
ARTRSSRKNTKTPRMPLKRRJK,Cierre quirurgico de conducto arterioso permeable,arterioso cierre conducto permeable quirurgico
ARTRSTFSNTRNK,Division del tronco arterioso,arterioso division tronco
PLJKMPLNTPSSNPLMNRFLFL,Implante de valvula biologica en posicion pulmonar,biologica implante posicion pulmonar valvula
KXMPRSTMNT,Procedimiento de Kawashima,kawashima procedimiento
SRKMNKSNNTRRFNTRKLRMMPRNS,Cierre de comunicacion intrerventricular membranosa,cierre comunicacion intrerventricular membranosa
KSTRKRTKFNSTRTFNTNNMRTP,Fontan extracardiaco no fenestrado tubo numero 20,20 extracardiaco fenestrado fontan numero tubo
AKSTNSMMPRNRSXNSPRTK,Reseccion de membrana subaortica extensa,extensa membrana reseccion subaortica
ARTRPFRKSNKLKSNKNTKRTRXPLMNRTPFLFLTFNTRKL,Colocacion de tubo valvulado Contegra del ventriculo derecho a la bifurcacion de la arteria pulmonar,arteria bifurcacion colocacion contegra derecho pulmonar tubo valvulado ventriculo
ARTRSSRKNTKTSKRTPRSSTNTPSTRLTRLSXNSTRTRKTM,Cierre de Conducto Arterioso Persistente Seccion y sutura por toracotomia posterolateral izquierda,arterioso cierre conducto izquierda persistente posterolateral seccion sutura toracotomia
ARKLKFTRXRSXNSPRRTRMPFN,Reseccion de trombo en vena cava superior y auricula derecha,auricula cava derecha reseccion superior trombo vena
FRLMPLSNKFTTTRXMSKLRSXNFNTRKLR,"Reseccion de musculo ventricular derecho y ampliacion de la cavidad ""overhaul""","""overhaul"" ampliacion cavidad derecho musculo reseccion ventricular"
PLLKTSKTRXFSTLNJRTMMTFKTPTF,Fistula de Blalock-Taussig modificada derecha con injerto de PTFE de 35 mm,35 blalock-taussig derecha fistula injerto mm modificada ptfe
ARTRPKSPLMNR,Pexia de arteria pulmonar,arteria pexia pulmonar
PLTRLPRNKSPKS,Pexia bilateral de bronquios,bilateral bronquios pexia
ANRSMRTRTKRKSNTNTPNTLKRXNPRSTMNT,Correccion de aneurisma de aorta ascendente y arco aortico con procedimiento de Bentall,aneurisma aorta aortico arco ascendente bentall correccion procedimiento
NMKMTRLPLSXSFLFL,"Plastias de valvula mitral ""enhamaca""","""enhamaca"" mitral plastias valvula"
MSKLSPPRSSXNSKTRS,Seccion de musculos papiares secudarios,musculos papiares seccion secudarios
TFSNMSKLSPPLRS,Division de musculos papilares,division musculos papilares
AMPLSNTLKTSNSRSNPRXPRKRTPSTRRTRTTFLF,Desinsercion de valva posterior y ampliacion con parche de pericardio autologo tratado,ampliacion autologo desinsercion parche pericardio posterior tratado valva
ANLPLSXRTTP,Anuloplastia tipo Reed,anuloplastia reed tipo
PLSXTKSPTTPFK,Plastia de ticuspidea tipo de Vega,plastia ticuspidea tipo vega
PLLKTSKFSTLNJRTSKRTMMTFKTPTFTRKTM,Fistula de Blalock-Taussig modificada izquierda por toracotomia con injerto de PTFE de 4 mm,4 blalock-taussig fistula injerto izquierda mm modificada ptfe toracotomia
ARTKFNS,Avance aortico,aortico avance
SRTSF,"cierre de
CIV","cierre de
civ"
ARTSRKPKRXNNTRPSNTP,Correccion de interrupcion de arco aortcio tipo B,aortcio arco b correccion interrupcion tipo
SRKMNKSNFRMNNTRRKLRFLTP,Cierre de comunicacion interauricular tipo foramen oval,cierre comunicacion foramen interauricular oval tipo
ASTNSSPLMNRSRMS,Ramas pulmonares sin estenosis,estenosis pulmonares ramas
RTRKMPTRXNKKMPLNTMPLMNRTPFLFLTFNTRKL,Cambio de tubo valvulado del ventriculo derecho a la arteria pulmonar con implante de tubo valvulado Hancock de 22 mm,22 arteria cambio derecho hancock implante mm pulmonar tubo valvulado ventriculo
ANRSMNTRRTRXPRTPLKTRPKNFNTRKL,Plicatura de pqueno aneurisma de la pared anterior del ventriculo derecho,aneurisma anterior derecho pared plicatura pqueno ventriculo
KLKSNLKTRTSPKRTKSMRKPSTMPRLS,Colocacion de electrodos de marcapaso epicardicos temporales,colocacion electrodos epicardicos marcapaso temporales
ARTRSKRTPLMNRRMRMPLNT,Reimplante de la rama izquierda de la arteria pulmonar,arteria izquierda pulmonar rama reimplante
ANLRPRSNFSKLR,Reparacion de anillo vascular,anillo reparacion vascular
ARTRSSRKLPKNTKTSKRTLKTRPRSSTNTPSTRLTRLTTNTRKTM,Cierre de conducto arterioso persistente ligadura con clip de titanio por toracotomia posterolateral izquierda,arterioso cierre clip conducto izquierda ligadura persistente posterolateral titanio toracotomia
SRKMNSNNTRFNTRKLRMMPRNS,Cierre de comunicion interventricular membranosa,cierre comunicion interventricular membranosa
ARTRSSRKNTKTPRSSTNTKRRJK,Cierre quirurgico de conducto arterioso persistente,arterioso cierre conducto persistente quirurgico
PKMRLTRXMSKLRRSXNFNTRKL,Reseccion muscular de ventriculo derecho bicameral,bicameral derecho muscular reseccion ventriculo
PTRXNLKLNPRTSMNT,Pordecimiento de glenn bidireccional,bidireccional glenn pordecimiento
ARTRSSRKNTKTSTNT,Cierre de stent en conducto arterioso,arterioso cierre conducto stent
ARTRSSRKNTKTPRMPLKRPRJK,Cierre quirpurgico de conducto arterioso permeable,arterioso cierre conducto permeable quirpurgico
SRKMNKSNNTRRKLRSTMPRXPRKRTSKNTM,Cierre de comunicacion interauricular ostium secundum con parche de pericardio,cierre comunicacion interauricular ostium parche pericardio secundum
ARTRSKRTRJNPLSXPLMNRRM,Plastia del origen de la rama izquierda de a arteria pulmonr,arteria izquierda origen plastia pulmonr rama
FRLTRXFNTRKL,"""Overhaul"" del ventriculo derecho","""overhaul"" derecho ventriculo"
PLLKTSMNTJFSTLSXNTSK,Seccion y desmontaje de fistula de Blalock Taussig,blalock desmontaje fistula seccion taussig
PTRXNKLNPRSTMNT,Procedimiento de Glenn bidirecciona,bidirecciona glenn procedimiento
PLLKFSTLMTFKTTSK,Fistula de Blalock Taussig modificada,blalock fistula modificada taussig
RTKPMPLNTJTMKNKMPSSNPRTSSSTTRNKL,Implante de protesis mecanica St Jude HP de 19 mm en posicion aortica troncal,19 aortica hp implante jude mecanica mm posicion protesis st troncal
MSKLRSXNSPRTK,Reseccion de musculo subaortico,musculo reseccion subaortico
ASKRTPLSXRMRMPLNT,Reimplante y plastia de rama izquierda,izquierda plastia rama reimplante
PLLKTSKSTRNTMFSTLNJRTMTMMTFKTPTF,Fistula de Blalock-Taussig modificada por esternotmia media con injerto de PTFE de 35 mm,35 blalock-taussig esternotmia fistula injerto media mm modificada ptfe
KLKSNKNFLNSKNTKRTRXPLMNRSRMSTPFLFLTFNTRKL,Colocacion de tubo valvulado Contegra del ventriculo derecho a la confluencia de las ramas pulmonares,colocacion confluencia contegra derecho pulmonares ramas tubo valvulado ventriculo
AMLSNTNTSKNKSNKRXNTSLKTRPLMNRSSPRKRTKTTLFNS,Correccion de conexion aomala total de venas pulmonares supracardiaca con ligadura de dos venas ascendentes,aomala ascendentes conexion correccion dos ligadura pulmonares supracardiaca total venas
SRKMNKSNNTRRKLRSTMPRSLMNTRSTRKTFSKNTM,Cierre de comunicacioon interauricular parcialmente restrictiva ostium secundum,cierre comunicacioon interauricular ostium parcialmente restrictiva secundum
TRXTPLRPRSNSLTFNTRKLF,Reparacion de Doble Via de Salida del Ventriculo Derecho,derecho doble reparacion salida ventriculo via
SRKMKSNNTRFNTRKLRPRX,Cierre de comuicacion interventricular parche,cierre comuicacion interventricular parche
PKMRLKPLSKMPTFNTFPKRTKJNRTRMRKPS,Cambio de cables de marcapaso epicardico bicameral definitivo y de generador de marcapaso,bicameral cables cambio definitivo epicardico generador marcapaso
AMPLSNRTRTRXPLMNRSLTTRKTTPFLFLTFNTRKL,Ampliacion de tracto de salida de ventriculo derecho con tubo valvulado de ventriculo derecho a arteria pulmonar,ampliacion arteria derecho pulmonar salida tracto tubo valvulado ventriculo
LFMTFKTPRSTMNTRSTL,PROCEDIMIENTO DE RASTELLI MODIFICADO LEV,lev modificado procedimiento rastelli
TRMSRJMTRSMTFKSNRPRSNRFFNTRKLR,"Reparacion al estado ventricular REV con modificacion de Metras Cirugia de ""Dream""","""dream"" cirugia metras modificacion reparacion rev ventricular"
PLLKTSKTRXTSMNTLMNTFSTLMMTFKT,Desmantelamiento de fistula de Blalock-Taussig derecha modificada de 5 mm,5 blalock-taussig derecha desmantelamiento fistula mm modificada
ARTRTRSNTNTTRXPLMNRRMRMPLNT,Reimplante de la rama derecha de la arteria pulmonar a la aorta ascendente,aorta arteria ascendente derecha pulmonar rama reimplante
ARTRLPRSTMNTSX,Procedimiento de Switch arterial,arterial procedimiento switch
SRKMNKSNNTRRKLRKRRJK,Cierre quirurgico de comunicacion interauricular,cierre comunicacion interauricular quirurgico
KRXNFLTPRXTTRLJTRNSNLRFNTRKLTLM,Correccion de tetralogia de Fallot ventriculotolmia parche transanular,correccion fallot parche tetralogia transanular ventriculotolmia
ARTRTRXPKSPLKTRPLMNRRM,Plicatura y pexia de rama derecha de arteria pulmonar,arteria derecha pexia plicatura pulmonar rama
